,id_palabra,palabra,language,POS,ranking,lemmatized,pc1,pc2,pc3,rgb1,rgb2,rgb3,nc5,nc4,nc3,nc2
0,2,գրական,Western_Armenian,ADJ,183,yes,1.8123,0.307,-0.059,0.8051,0.2971,0.1732,2,1,1,1
1,3,քննադատութիւն,Western_Armenian,NOUN,188,yes,-0.5003,-0.6412,-0.9383,0.7136,0.2292,0.0658,3,2,2,2
2,4,իբրեւ,Western_Armenian,ADP,161,yes,2.8559,1.0031,-0.4333,0.8464,0.347,0.1275,2,1,1,1
3,8,ինչ,Western_Armenian,DET,212,yes,-3.2361,-1.3681,-0.0814,0.6053,0.1771,0.1705,3,2,2,2
4,10,կը,Western_Armenian,AUX,2,yes,-6.7938,0.5582,-0.1401,0.4644,0.3151,0.1633,5,4,3,2
5,11,հասկնալ,Western_Armenian,VERB,101,yes,-4.7355,-0.9217,0.0788,0.5459,0.2091,0.1901,3,2,2,2
6,2058,ընդունիլ,Western_Armenian,VERB,470,yes,-0.216,-1.2354,0.0969,0.7248,0.1866,0.1923,3,2,2,2
7,12,ասիկա,Western_Armenian,PRON,362,yes,0.9615,-0.3281,-0.2676,0.7714,0.2516,0.1478,2,1,1,1
8,15,եմ,Western_Armenian,AUX,1,yes,-18.5255,10.1163,5.3884,0.0,1.0,0.8387,4,3,3,2
9,16,քննադատ,Western_Armenian,NOUN,222,yes,-0.6117,-0.8274,-0.3654,0.7092,0.2158,0.1358,3,2,2,2
10,17,գլխաւոր,Western_Armenian,ADJ,393,yes,3.8058,1.6429,-0.2484,0.884,0.3928,0.1501,2,1,1,1
11,18,պաշտօն,Western_Armenian,NOUN,330,yes,0.3495,-0.3324,-0.612,0.7472,0.2513,0.1057,2,1,1,1
12,19,կամ,Western_Armenian,VERB,31,yes,-2.4161,-0.1323,-1.0679,0.6377,0.2656,0.05,3,2,2,2
13,2065,թաղային,Western_Armenian,ADJ,189,yes,5.7822,4.8947,0.3756,0.9623,0.6258,0.2263,1,1,1,1
14,22,անդրադառնալ,Western_Armenian,VERB,270,yes,-2.745,-0.5046,-0.97,0.6247,0.239,0.0619,3,2,2,2
15,25,գործ,Western_Armenian,NOUN,81,yes,-3.6685,0.1179,-1.0921,0.5882,0.2836,0.047,3,2,2,2
16,27,որ,Western_Armenian,PART,69,yes,-7.3459,1.2082,-0.25,0.4426,0.3617,0.1499,5,4,3,2
17,29,գրել,Western_Armenian,VERB,159,yes,-2.2856,-1.4336,-0.2581,0.6429,0.1724,0.1489,3,2,2,2
18,31,տակ,Western_Armenian,ADP,180,yes,2.3826,0.1917,0.6227,0.8277,0.2888,0.2565,2,1,1,1
19,32,դնել,Western_Armenian,VERB,141,yes,-5.0977,0.5943,-0.7003,0.5316,0.3177,0.0949,5,4,3,2
20,36,հետեւիլ,Western_Armenian,VERB,296,yes,-1.1236,-1.2233,0.0156,0.6889,0.1874,0.1824,3,2,2,2
21,39,եւ,Western_Armenian,CCONJ,3,yes,-15.9332,8.6729,4.2559,0.1026,0.8966,0.7004,4,3,3,2
22,40,ըսել,Western_Armenian,VERB,13,yes,-11.1853,3.2067,1.6366,0.2906,0.5049,0.3804,5,4,3,2
23,41,ան,Western_Armenian,DET,61,yes,-5.6979,0.3369,-0.3599,0.5078,0.2992,0.1365,5,4,3,2
24,43,մենք,Western_Armenian,PRON,46,yes,-0.6988,0.1751,-1.1995,0.7057,0.2877,0.0339,3,2,2,2
25,44,գրականութիւն,Western_Armenian,NOUN,229,yes,-0.5467,-0.3244,-0.8725,0.7117,0.2519,0.0739,3,2,2,2
26,46,ըլլալ,Western_Armenian,AUX,72,yes,-14.1208,6.8233,4.2271,0.1744,0.764,0.6969,4,3,3,2
27,47,հակառակ,Western_Armenian,ADP,241,yes,2.9088,1.7745,-1.2812,0.8485,0.4023,0.0239,2,1,1,1
28,2096,յանկարծ,Western_Armenian,ADV,414,yes,2.2594,-3.0125,4.6723,0.8228,0.0592,0.7513,2,1,1,1
29,48,յակոբ,Western_Armenian,PROPN,395,yes,1.6683,-0.326,0.5408,0.7994,0.2517,0.2465,2,1,1,1
30,49,օշական,Western_Armenian,PROPN,457,yes,2.0438,-0.9823,1.5661,0.8143,0.2047,0.3718,2,1,1,1
31,50,ուղղութիւն,Western_Armenian,NOUN,306,yes,0.6086,-0.4145,-0.4814,0.7575,0.2454,0.1216,2,1,1,1
32,52,ալ,Western_Armenian,ADV,12,yes,-5.1304,1.7682,-1.3162,0.5303,0.4018,0.0197,5,4,3,2
33,53,կարգ,Western_Armenian,NOUN,134,yes,-0.5572,-0.6244,-0.7752,0.7113,0.2304,0.0858,3,2,2,2
34,54,մը,Western_Armenian,DET,4,yes,-10.3771,5.7451,1.9064,0.3226,0.6868,0.4134,4,3,3,2
35,51,այսօր,Western_Armenian,ADV,154,yes,-0.2656,-1.7454,0.0874,0.7229,0.15,0.1911,3,2,2,2
36,57,այդ,Western_Armenian,PRON,376,yes,-3.6614,0.9662,-1.366,0.5884,0.3443,0.0136,5,4,3,2
37,58,ինք,Western_Armenian,PRON,30,yes,-4.3357,-0.6059,-0.4129,0.5617,0.2317,0.13,3,2,2,2
38,61,որոշ,Western_Armenian,DET,319,yes,4.3064,1.5373,0.9123,0.9039,0.3853,0.2919,2,1,1,1
39,63,ունիմ,Western_Armenian,VERB,33,yes,-9.1532,2.6658,0.0452,0.371,0.4661,0.186,5,4,3,2
40,65,մնալ,Western_Armenian,VERB,85,yes,-6.775,0.519,0.2556,0.4652,0.3123,0.2117,5,4,3,2
41,67,կարծիք,Western_Armenian,NOUN,403,yes,1.2146,-1.4336,1.3877,0.7815,0.1724,0.35,2,1,1,1
42,68,կարելի,Western_Armenian,ADJ,170,yes,-2.6548,-0.9472,-0.3328,0.6283,0.2072,0.1398,3,2,2,2
43,69,հայ,Western_Armenian,ADJ,135,yes,2.5247,0.7654,-0.5627,0.8333,0.33,0.1117,2,1,1,1
44,2117,քով,Western_Armenian,ADP,231,yes,1.737,0.116,-0.0431,0.8021,0.2834,0.1752,2,1,1,1
45,70,ան,Western_Armenian,DET,61,yes,0.9865,0.9331,-1.473,0.7724,0.342,0.0005,2,1,1,1
46,72,կերպ,Western_Armenian,NOUN,304,yes,2.3904,-0.4291,0.8187,0.828,0.2444,0.2805,2,1,1,1
47,74,առնել,Western_Armenian,VERB,49,yes,-8.8183,1.8778,0.3312,0.3843,0.4097,0.2209,5,4,3,2
48,75,շրջան,Western_Armenian,NOUN,128,yes,-3.1995,-1.0164,-0.5192,0.6067,0.2023,0.117,3,2,2,2
49,78,եթէ,Western_Armenian,SCONJ,57,yes,-0.2037,-2.5323,1.3449,0.7253,0.0937,0.3448,3,2,2,2
50,2127,մուշեղ,Western_Armenian,PROPN,216,yes,-0.0237,-1.8263,1.0392,0.7324,0.1442,0.3074,3,2,2,2
51,81,ինչ,Western_Armenian,DET,212,yes,1.7622,0.3246,-0.6585,0.8031,0.2984,0.1,2,1,1,1
52,82,անուն,Western_Armenian,NOUN,100,yes,-2.4312,-0.2242,-1.0023,0.6371,0.259,0.058,3,2,2,2
53,83,պիտի,Western_Armenian,AUX,16,yes,-2.8691,-1.9693,0.2706,0.6198,0.134,0.2135,3,2,2,2
54,88,թերթ,Western_Armenian,NOUN,178,yes,-0.033,-1.2679,0.2456,0.7321,0.1843,0.2105,3,2,2,2
55,89,մէջ,Western_Armenian,ADP,5,yes,-5.7244,1.6638,-1.1104,0.5068,0.3943,0.0448,5,4,3,2
56,90,հանդէս,Western_Armenian,NOUN,233,yes,1.7337,-0.2323,0.0,0.802,0.2585,0.1805,2,1,1,1
57,91,գալ,Western_Armenian,VERB,32,yes,-8.6857,1.8032,0.65,0.3895,0.4043,0.2599,5,4,3,2
58,2139,նայիլ,Western_Armenian,VERB,249,yes,-1.0553,-1.5679,0.381,0.6916,0.1628,0.227,3,2,2,2
59,94,համար,Western_Armenian,ADP,15,yes,-3.8736,-0.0727,-1.0256,0.58,0.2699,0.0552,3,2,2,2
60,2142,կղզի,Western_Armenian,NOUN,314,yes,0.8019,2.1878,2.2651,0.7651,0.4319,0.4572,2,1,1,1
61,99,որ,Western_Armenian,PART,69,yes,-5.9495,-0.4807,0.4206,0.4979,0.2407,0.2318,5,4,3,2
62,100,մամուլ,Western_Armenian,NOUN,300,yes,0.1706,-0.5018,-0.5685,0.7401,0.2391,0.111,3,2,2,2
63,101,առջեւ,Western_Armenian,ADP,151,yes,1.6133,0.4151,-0.8159,0.7972,0.3049,0.0808,2,1,1,1
64,102,որեւէ,Western_Armenian,DET,317,yes,2.3361,0.7207,-0.6377,0.8259,0.3267,0.1026,2,1,1,1
65,103,դժուարութիւն,Western_Armenian,NOUN,499,yes,0.8698,0.2727,-1.2053,0.7678,0.2946,0.0332,2,1,1,1
66,104,խօսք,Western_Armenian,NOUN,86,yes,-2.636,-1.1463,-0.2318,0.629,0.193,0.1521,3,2,2,2
67,2151,յայտնել,Western_Armenian,VERB,130,yes,-2.3468,-0.1949,-0.6785,0.6405,0.2611,0.0976,3,2,2,2
68,107,ինչպէս,Western_Armenian,SCONJ,384,yes,0.2927,-0.98,0.1743,0.745,0.2049,0.2017,3,2,2,2
69,108,բացատրել,Western_Armenian,VERB,251,yes,-1.5598,-1.2538,-0.2525,0.6716,0.1853,0.1496,3,2,2,2
70,109,կամ,Western_Armenian,VERB,31,yes,-8.3785,1.8573,0.1218,0.4017,0.4082,0.1953,5,4,3,2
71,115,պարագային,Western_Armenian,ADP,219,yes,2.1567,0.6229,-0.5106,0.8188,0.3197,0.1181,2,1,1,1
72,116,ի,Western_Armenian,ADP,41,yes,-1.8779,-0.5917,-1.0099,0.659,0.2327,0.0571,3,2,2,2
73,117,նման,Western_Armenian,ADJ,174,yes,2.6531,0.7287,-0.42,0.8384,0.3273,0.1291,2,1,1,1
74,119,կարծել,Western_Armenian,VERB,452,yes,-0.4349,-1.8122,0.6328,0.7162,0.1453,0.2578,3,2,2,2
75,121,կրնալ,Western_Armenian,VERB,23,yes,-9.1621,1.9318,0.4675,0.3707,0.4135,0.2376,5,4,3,2
76,2171,հին,Western_Armenian,ADJ,364,yes,1.4125,-0.4861,0.3187,0.7893,0.2403,0.2194,2,1,1,1
77,130,աչք,Western_Armenian,NOUN,140,yes,-1.4514,-0.7255,-0.7663,0.6759,0.2231,0.0868,3,2,2,2
78,133,ը,Western_Armenian,NOUN,11,yes,3.3659,2.4365,-1.4466,0.8666,0.4497,0.0037,2,1,1,1
79,137,ժամանակ,Western_Armenian,PROPN,345,yes,-3.6248,-1.117,-0.2374,0.5899,0.1951,0.1514,3,2,2,2
80,138,անցնիլ,Western_Armenian,VERB,143,yes,-4.3012,-0.6579,-0.2385,0.5631,0.228,0.1513,3,2,2,2
81,2186,օքան,Western_Armenian,PROPN,437,yes,1.6112,-1.0947,1.6357,0.7972,0.1967,0.3803,2,1,1,1
82,140,ստանալ,Western_Armenian,VERB,196,yes,-3.384,-0.5093,-0.6011,0.5994,0.2386,0.107,3,2,2,2
83,139,այն,Western_Armenian,PRON,205,yes,-1.7787,-2.2709,0.6255,0.663,0.1124,0.2569,3,2,2,2
84,141,վեր,Western_Armenian,ADV,181,yes,1.5997,-0.4795,0.5468,0.7967,0.2407,0.2473,2,1,1,1
85,143,բան,Western_Armenian,NOUN,70,yes,-3.7695,-0.9095,-0.3933,0.5842,0.2099,0.1324,3,2,2,2
86,144,յիշել,Western_Armenian,VERB,383,yes,-0.3385,-0.8107,-0.3774,0.72,0.217,0.1343,3,2,2,2
87,145,մէկ,Western_Armenian,NUM,184,yes,2.4306,0.3459,0.1825,0.8296,0.2999,0.2028,2,1,1,1
88,147,երբ,Western_Armenian,SCONJ,446,yes,1.8721,-1.4094,1.8496,0.8075,0.1741,0.4064,2,1,1,1
89,148,աւելի,Western_Armenian,ADV,44,yes,0.9299,-0.1189,-0.2762,0.7702,0.2666,0.1467,2,1,1,1
90,150,օր,Western_Armenian,NOUN,55,yes,-3.8429,0.1009,-0.9474,0.5812,0.2823,0.0647,3,2,2,2
91,153,գիրք,Western_Armenian,NOUN,120,yes,-2.8589,-0.1266,-0.8412,0.6202,0.266,0.0777,3,2,2,2
92,154,պատրաստել,Western_Armenian,VERB,369,yes,-0.2625,-0.6761,-0.552,0.723,0.2267,0.113,3,2,2,2
93,2201,պարտէզ,Western_Armenian,NOUN,356,yes,0.602,-0.6137,-0.2219,0.7572,0.2311,0.1533,2,1,1,1
94,156,տակաւին,Western_Armenian,ADV,182,yes,0.0486,-1.1692,0.1813,0.7353,0.1913,0.2026,3,2,2,2
95,159,դար,Western_Armenian,NOUN,444,yes,3.0688,1.1262,0.1407,0.8549,0.3558,0.1976,2,1,1,1
96,160,շուրջ,Western_Armenian,ADP,311,yes,2.7916,0.6453,-0.022,0.8439,0.3213,0.1778,2,1,1,1
97,162,թէ,Western_Armenian,PART,228,yes,3.5088,1.6445,-0.4668,0.8723,0.3929,0.1234,2,1,1,1
98,164,այսինքն,Western_Armenian,CCONJ,254,yes,2.2756,0.4545,-0.2261,0.8235,0.3077,0.1528,2,1,1,1
99,4266,տեսակէտ,Western_Armenian,NOUN,283,yes,1.1656,-0.9289,0.8356,0.7795,0.2085,0.2825,2,1,1,1
100,170,ամբողջ,Western_Armenian,DET,218,yes,1.6261,0.0363,-0.5161,0.7977,0.2777,0.1174,2,1,1,1
101,2221,պատ,Western_Armenian,NOUN,408,yes,0.9068,-0.5334,-0.0417,0.7693,0.2369,0.1754,2,1,1,1
102,174,միտք,Western_Armenian,NOUN,309,yes,0.733,-0.0869,-0.5794,0.7624,0.2689,0.1097,2,1,1,1
103,175,ուրիշ,Western_Armenian,DET,289,yes,1.5239,-0.0769,-0.3374,0.7937,0.2696,0.1392,2,1,1,1
104,176,վրայ,Western_Armenian,ADP,17,yes,-1.994,-0.1454,-1.0586,0.6544,0.2647,0.0511,3,2,2,2
105,4273,հանրապետութիւն,Western_Armenian,NOUN,220,yes,1.9379,0.954,-0.8425,0.8101,0.3435,0.0775,2,1,1,1
106,178,բայց,Western_Armenian,CCONJ,21,yes,-3.9456,-1.8413,0.5532,0.5772,0.1432,0.248,3,2,2,2
107,180,երբ,Western_Armenian,SCONJ,446,yes,-2.0692,-2.6356,0.7881,0.6515,0.0863,0.2767,3,2,2,2
108,181,ու,Western_Armenian,CCONJ,8,yes,-5.8971,0.6355,-0.5376,0.4999,0.3206,0.1148,5,4,3,2
109,182,թէ,Western_Armenian,PART,228,yes,-2.7066,-1.8997,0.1855,0.6262,0.139,0.2031,3,2,2,2
110,2228,փոխանցել,Western_Armenian,VERB,313,yes,-0.3033,-0.4028,-0.82,0.7214,0.2462,0.0803,3,2,2,2
111,184,նետել,Western_Armenian,VERB,485,yes,0.8212,-1.4164,1.1639,0.7659,0.1736,0.3227,2,1,1,1
112,185,ուզել,Western_Armenian,VERB,96,yes,-6.0303,-0.0943,0.722,0.4947,0.2683,0.2687,5,4,3,2
113,4281,պետական,Western_Armenian,ADJ,238,yes,2.4384,0.8955,-0.3019,0.8299,0.3393,0.1436,2,1,1,1
114,187,ամէն,Western_Armenian,DET,64,yes,0.792,-0.5402,-0.0583,0.7647,0.2364,0.1733,2,1,1,1
115,192,գիտեմ,Western_Armenian,VERB,99,yes,-3.118,-0.9726,-0.1584,0.6099,0.2054,0.1611,3,2,2,2
116,193,սկիզբ,Western_Armenian,NOUN,307,yes,0.1066,-0.8249,0.2492,0.7376,0.216,0.2109,3,2,2,2
117,196,որ,Western_Armenian,PART,69,yes,3.1931,1.608,-0.8406,0.8598,0.3903,0.0778,2,1,1,1
118,197,հիմա,Western_Armenian,ADV,97,yes,-1.8464,-2.3423,0.5226,0.6603,0.1073,0.2443,3,2,2,2
119,199,իսկ,Western_Armenian,ADV,239,yes,2.2268,0.7961,-0.7024,0.8215,0.3321,0.0947,2,1,1,1
120,200,որովհետեւ,Western_Armenian,SCONJ,176,yes,1.5342,-2.5126,2.9923,0.7941,0.0951,0.546,2,1,1,1
121,201,շատ,Western_Armenian,ADV,43,yes,0.3744,0.2375,-0.6017,0.7482,0.2921,0.1069,2,1,1,1
122,203,ես,Western_Armenian,DET,162,yes,-3.1868,-1.1319,-0.3241,0.6072,0.194,0.1409,3,2,2,2
123,204,պարզ,Western_Armenian,ADJ,198,yes,-0.488,-1.2309,0.0522,0.7141,0.1869,0.1868,3,2,2,2
124,205,ընթերցող,Western_Armenian,NOUN,252,yes,-0.9126,-0.7649,-0.6918,0.6972,0.2203,0.0959,3,2,2,2
125,207,տարբերութիւն,Western_Armenian,NOUN,497,yes,0.168,-0.8787,-0.2916,0.74,0.2121,0.1448,3,2,2,2
126,208,առաջին,Western_Armenian,ADJ,91,yes,1.2552,-0.179,-0.5487,0.7831,0.2623,0.1134,2,1,1,1
127,209,մէկ,Western_Armenian,NUM,184,yes,1.0032,-0.5458,0.2788,0.7731,0.236,0.2145,2,1,1,1
128,210,ըլլալ,Western_Armenian,AUX,72,yes,-1.5482,-1.3796,-0.1196,0.6721,0.1762,0.1658,3,2,2,2
129,212,երբեմն,Western_Armenian,ADV,407,yes,2.2664,-1.3495,2.2725,0.8231,0.1784,0.4581,2,1,1,1
130,215,ինք,Western_Armenian,PRON,30,yes,-2.2559,0.6483,-1.4291,0.6441,0.3216,0.0059,3,2,2,2
131,219,ձեւ,Western_Armenian,NOUN,276,yes,-0.5487,-1.4016,0.0566,0.7117,0.1747,0.1874,3,2,2,2
132,221,կեանք,Western_Armenian,NOUN,103,yes,-1.839,-0.0241,-0.9678,0.6606,0.2734,0.0622,3,2,2,2
133,222,մահ,Western_Armenian,NOUN,460,yes,1.9927,0.2749,-0.0563,0.8123,0.2948,0.1736,2,1,1,1
134,223,հարց,Western_Armenian,NOUN,77,yes,-4.8773,0.6013,-0.725,0.5403,0.3182,0.0919,5,4,3,2
135,225,յաճախ,Western_Armenian,ADV,273,yes,1.0463,-0.8114,0.2757,0.7748,0.217,0.2141,2,1,1,1
136,226,տարբեր,Western_Armenian,ADJ,171,yes,-0.8897,-1.3646,-0.1209,0.6982,0.1773,0.1657,3,2,2,2
137,2277,ձայն,Western_Armenian,NOUN,336,yes,0.6979,-0.8355,-0.0044,0.761,0.2152,0.1799,2,1,1,1
138,230,ես,Western_Armenian,DET,162,yes,1.2218,0.3402,-0.8416,0.7817,0.2995,0.0776,2,1,1,1
139,231,կարդալ,Western_Armenian,VERB,248,yes,-2.2086,-1.3642,-0.3037,0.6459,0.1774,0.1433,3,2,2,2
140,237,միշտ,Western_Armenian,ADV,125,yes,-0.1454,-1.0797,-0.0232,0.7276,0.1977,0.1776,3,2,2,2
141,238,այն,Western_Armenian,PRON,205,yes,0.355,-0.1244,-0.8763,0.7474,0.2662,0.0734,2,1,1,1
142,241,վերջապէս,Western_Armenian,ADV,464,yes,1.9683,-1.5952,2.5039,0.8113,0.1608,0.4863,2,1,1,1
143,242,յետոյ,Western_Armenian,ADP,412,yes,-0.2803,-2.374,1.0822,0.7223,0.105,0.3127,3,2,2,2
144,244,սէր,Western_Armenian,NOUN,468,yes,2.1789,0.5084,-0.3211,0.8196,0.3115,0.1412,2,1,1,1
145,246,միջոց,Western_Armenian,NOUN,142,yes,-2.6628,-0.7644,-0.6695,0.628,0.2203,0.0987,3,2,2,2
146,253,տարի,Western_Armenian,NOUN,24,yes,-7.3446,2.0012,-0.34,0.4426,0.4185,0.1389,5,4,3,2
147,254,առաջ,Western_Armenian,ADP,285,yes,1.2519,0.1258,-0.7292,0.7829,0.2841,0.0914,2,1,1,1
148,2304,տեսարան,Western_Armenian,NOUN,392,yes,0.0114,-1.1862,0.4472,0.7338,0.1901,0.2351,3,2,2,2
149,256,մասին,Western_Armenian,ADP,48,yes,-0.7764,0.0371,-1.1443,0.7026,0.2778,0.0407,3,2,2,2
150,259,արդիւնք,Western_Armenian,NOUN,462,yes,1.3391,-0.0028,-0.3848,0.7864,0.2749,0.1335,2,1,1,1
151,260,բոլոր,Western_Armenian,DET,73,yes,0.5087,0.0412,-1.0383,0.7535,0.2781,0.0536,2,1,1,1
152,263,մենք,Western_Armenian,PRON,46,yes,-3.2043,-1.261,-0.2587,0.6065,0.1847,0.1489,3,2,2,2
153,265,քիչ,Western_Armenian,ADJ,337,yes,2.1735,0.0122,0.5953,0.8194,0.276,0.2532,2,1,1,1
154,270,դէմ,Western_Armenian,ADP,147,yes,1.386,0.1051,-0.348,0.7882,0.2826,0.1379,2,1,1,1
155,271,հայ,Western_Armenian,ADJ,135,yes,-0.6522,-0.4382,-0.5961,0.7076,0.2437,0.1076,3,2,2,2
156,275,հանդէպ,Western_Armenian,ADP,225,yes,1.8304,0.1563,-0.4577,0.8058,0.2863,0.1245,2,1,1,1
157,278,աշխարհ,Western_Armenian,NOUN,165,yes,-0.1023,-0.4487,-0.8052,0.7293,0.243,0.0821,3,2,2,2
158,281,այս,Western_Armenian,DET,7,yes,-4.3378,1.3365,-1.2614,0.5617,0.3709,0.0264,5,4,3,2
159,287,տալ,Western_Armenian,VERB,68,yes,-6.2516,0.7241,-0.2208,0.4859,0.327,0.1535,5,4,3,2
160,291,հետ,Western_Armenian,ADP,28,yes,-2.2004,0.56,-1.3914,0.6463,0.3152,0.0105,3,2,2,2
161,292,ատիկա,Western_Armenian,PRON,342,yes,0.6618,-1.0372,0.7581,0.7596,0.2008,0.2731,2,1,1,1
162,294,պատճառ,Western_Armenian,NOUN,190,yes,-2.6221,-1.515,-0.1805,0.6296,0.1665,0.1584,3,2,2,2
163,295,քիչ,Western_Armenian,ADJ,337,yes,2.0838,0.7999,-0.8954,0.8159,0.3324,0.0711,2,1,1,1
164,298,կոչուիլ,Western_Armenian,VERB,177,yes,-1.5864,-0.7419,-0.8609,0.6706,0.2219,0.0753,3,2,2,2
165,299,ատեն,Western_Armenian,NOUN,245,yes,0.8925,-0.0997,-0.6148,0.7687,0.268,0.1053,2,1,1,1
166,2347,քաղաք,Western_Armenian,NOUN,386,yes,1.7384,-0.2507,-0.1042,0.8022,0.2571,0.1677,2,1,1,1
167,300,թերեւս,Western_Armenian,PART,494,yes,2.4636,-0.0579,0.5898,0.8309,0.271,0.2525,2,1,1,1
168,301,տեսակ,Western_Armenian,NOUN,495,yes,1.9863,0.6563,-0.5404,0.812,0.3221,0.1144,2,1,1,1
169,304,դիտել,Western_Armenian,VERB,399,yes,-0.6959,-0.8774,-0.5383,0.7058,0.2122,0.1147,3,2,2,2
170,305,բառ,Western_Armenian,NOUN,334,yes,-0.2679,-1.2679,-0.056,0.7228,0.1843,0.1736,3,2,2,2
171,307,լաւ,Western_Armenian,ADJ,476,yes,2.4737,0.5031,0.1621,0.8313,0.3112,0.2003,2,1,1,1
172,314,սպասել,Western_Armenian,VERB,480,yes,-0.7926,-0.9293,-0.501,0.702,0.2085,0.1192,3,2,2,2
173,2364,կարօ,Western_Armenian,PROPN,493,yes,1.5023,-0.2713,0.2027,0.7928,0.2557,0.2052,2,1,1,1
174,319,այլ,Western_Armenian,CCONJ,284,yes,3.2852,0.8307,0.6983,0.8634,0.3346,0.2658,2,1,1,1
175,321,ճամբայ,Western_Armenian,NOUN,112,yes,-1.5919,-0.7478,-0.6815,0.6704,0.2215,0.0972,3,2,2,2
176,322,բանալ,Western_Armenian,VERB,256,yes,-1.7981,-0.2053,-1.0363,0.6622,0.2604,0.0539,3,2,2,2
177,325,ստեղծել,Western_Armenian,VERB,110,yes,-3.8877,-0.2831,-0.6994,0.5795,0.2548,0.095,3,2,2,2
178,328,քանի,Western_Armenian,SCONJ,321,yes,2.702,0.0139,0.9872,0.8403,0.2761,0.3011,2,1,1,1
179,329,նախատեսել,Western_Armenian,VERB,391,yes,1.2487,-0.7018,0.4745,0.7828,0.2248,0.2384,2,1,1,1
180,331,պէտք,Western_Armenian,ADJ,377,yes,-2.0976,-2.6969,0.9041,0.6503,0.0819,0.2909,3,2,2,2
181,332,այդ,Western_Armenian,PRON,376,yes,0.0315,-1.573,0.5605,0.7346,0.1624,0.2489,3,2,2,2
182,333,միայն,Western_Armenian,ADV,45,yes,-0.9655,-1.0246,-0.2712,0.6952,0.2017,0.1473,3,2,2,2
183,337,տուն,Western_Armenian,NOUN,39,yes,-5.6425,0.4012,-0.4557,0.51,0.3039,0.1248,5,4,3,2
184,340,մարդ,Western_Armenian,NOUN,122,yes,-1.7881,-1.0574,-0.4039,0.6626,0.1993,0.1311,3,2,2,2
185,344,ուրեմն,Western_Armenian,PART,394,yes,2.8134,-0.6351,1.9413,0.8448,0.2296,0.4176,2,1,1,1
186,345,նաեւ,Western_Armenian,CCONJ,20,yes,-2.9349,0.2177,-0.9734,0.6172,0.2907,0.0615,3,2,2,2
187,346,ոչ,Western_Armenian,CCONJ,455,yes,-1.3656,0.3599,-1.4381,0.6793,0.3009,0.0048,3,2,2,2
188,350,հանգամանք,Western_Armenian,NOUN,351,yes,-0.3753,-0.2684,-0.8815,0.7185,0.2559,0.0728,3,2,2,2
189,353,հոն,Western_Armenian,ADV,166,yes,-1.9189,-2.6249,0.915,0.6574,0.087,0.2922,3,2,2,2
190,354,ուր,Western_Armenian,ADV,74,yes,-2.0459,-2.214,0.5685,0.6524,0.1165,0.2499,3,2,2,2
191,355,գտնել,Western_Armenian,VERB,172,yes,-3.0839,-0.4581,-0.9694,0.6113,0.2423,0.062,3,2,2,2
192,362,ոչ,Western_Armenian,CCONJ,455,yes,2.9921,1.2593,-0.2396,0.8518,0.3653,0.1512,2,1,1,1
193,363,աշխատանք,Western_Armenian,NOUN,90,yes,-2.653,-0.4637,-0.7568,0.6284,0.2419,0.088,3,2,2,2
194,4460,արցախ,Western_Armenian,PROPN,327,yes,1.7879,0.4043,-0.3725,0.8042,0.3041,0.1349,2,1,1,1
195,370,ընել,Western_Armenian,VERB,62,yes,-6.5219,0.4516,-0.0057,0.4752,0.3075,0.1798,5,4,3,2
196,2423,խումբ,Western_Armenian,NOUN,418,yes,0.4815,-0.3551,-0.577,0.7524,0.2497,0.11,2,1,1,1
197,376,տեղ,Western_Armenian,NOUN,106,yes,-2.9541,-0.9401,-0.4051,0.6164,0.2077,0.131,3,2,2,2
198,378,յղացք,Western_Armenian,NOUN,280,yes,2.0098,0.7502,-0.7341,0.8129,0.3289,0.0908,2,1,1,1
199,379,գործել,Western_Armenian,VERB,264,yes,-0.9138,0.0722,-1.1991,0.6972,0.2803,0.034,3,2,2,2
200,383,պարագայ,Western_Armenian,NOUN,203,yes,-1.4269,-0.763,-0.6318,0.6769,0.2204,0.1033,3,2,2,2
201,385,ծրագիր,Western_Armenian,NOUN,113,yes,-1.4827,-0.5642,-0.6593,0.6747,0.2347,0.0999,3,2,2,2
202,386,մէկ,Western_Armenian,NUM,184,yes,-3.4463,-0.9948,-0.2966,0.5969,0.2038,0.1442,3,2,2,2
203,392,մինչեւ,Western_Armenian,ADP,210,yes,2.9637,0.9791,-0.1841,0.8507,0.3453,0.158,2,1,1,1
204,395,սակայն,Western_Armenian,PART,294,yes,2.5607,-0.2977,0.8675,0.8348,0.2538,0.2864,2,1,1,1
205,399,շարունակել,Western_Armenian,VERB,119,yes,-4.2935,-0.6966,0.2189,0.5634,0.2252,0.2072,3,2,2,2
206,401,պայման,Western_Armenian,NOUN,261,yes,-0.4287,1.9404,1.6666,0.7164,0.4141,0.3841,2,1,1,1
207,410,բերել,Western_Armenian,VERB,94,yes,-6.1306,-0.1208,0.2068,0.4907,0.2664,0.2057,5,4,3,2
208,418,դուն,Western_Armenian,PRON,441,yes,1.4412,-1.7267,2.0668,0.7904,0.1514,0.4329,2,1,1,1
209,423,կապ,Western_Armenian,NOUN,368,yes,0.8704,-0.8026,0.1472,0.7678,0.2176,0.1984,2,1,1,1
210,424,ունենալ,Western_Armenian,VERB,25,yes,-11.7146,6.0162,2.8312,0.2696,0.7062,0.5263,4,3,3,2
211,430,պահել,Western_Armenian,VERB,298,yes,-1.9178,-1.2645,-0.3954,0.6575,0.1845,0.1322,3,2,2,2
212,431,քաղաքական,Western_Armenian,ADJ,117,yes,1.0053,0.588,-1.0693,0.7732,0.3172,0.0498,2,1,1,1
213,437,խնդիր,Western_Armenian,NOUN,95,yes,-1.3074,-0.7413,-0.8388,0.6816,0.222,0.078,3,2,2,2
214,440,ընթացք,Western_Armenian,NOUN,367,yes,-0.5879,-0.7672,-0.538,0.7101,0.2201,0.1147,3,2,2,2
215,446,անիկա,Western_Armenian,DET,370,yes,0.7928,0.2824,-0.9137,0.7648,0.2953,0.0688,2,1,1,1
216,451,հոս,Western_Armenian,ADV,164,yes,-0.7575,-2.1569,0.8596,0.7034,0.1205,0.2855,3,2,2,2
217,452,միջեւ,Western_Armenian,ADP,329,yes,2.4493,1.1938,-1.2397,0.8303,0.3606,0.029,2,1,1,1
218,453,փորձել,Western_Armenian,VERB,360,yes,-0.922,-1.9671,0.6735,0.6969,0.1341,0.2627,3,2,2,2
219,456,խօսիլ,Western_Armenian,VERB,227,yes,-1.2563,-1.8661,0.5406,0.6836,0.1414,0.2465,3,2,2,2
220,458,այստեղ,Western_Armenian,ADV,343,yes,3.1111,0.5777,0.7677,0.8565,0.3165,0.2742,2,1,1,1
221,459,վերստին,Western_Armenian,ADV,416,yes,1.2037,-2.52,2.7747,0.781,0.0945,0.5194,2,1,1,1
222,468,ետք,Western_Armenian,ADP,126,yes,0.3649,-0.4312,-0.4194,0.7478,0.2442,0.1292,2,1,1,1
223,469,դառնալ,Western_Armenian,VERB,53,yes,-6.2467,0.5461,-0.2423,0.4861,0.3142,0.1509,5,4,3,2
224,4564,անիկա,Western_Armenian,DET,370,yes,4.3946,2.9839,-0.7658,0.9073,0.4889,0.0869,2,1,1,1
225,477,դարձնել,Western_Armenian,VERB,348,yes,-1.9158,-1.7943,0.387,0.6575,0.1465,0.2277,3,2,2,2
226,496,տանիլ,Western_Armenian,VERB,354,yes,-1.3749,-1.3221,-0.2743,0.6789,0.1804,0.1469,3,2,2,2
227,508,աշակերտ,Western_Armenian,NOUN,267,yes,-1.5468,-1.2703,-0.0393,0.6721,0.1841,0.1757,3,2,2,2
228,2558,պապ,Western_Armenian,NOUN,200,yes,2.4991,-0.8075,2.2619,0.8323,0.2172,0.4568,2,1,1,1
229,511,թէեւ,Western_Armenian,SCONJ,260,yes,2.0668,-0.4092,0.7418,0.8152,0.2458,0.2711,2,1,1,1
230,2560,իսթանպուլ,Western_Armenian,PROPN,366,yes,3.8815,2.0447,-0.3011,0.887,0.4216,0.1437,2,1,1,1
231,2563,ներկայացուցիչ,Western_Armenian,NOUN,338,yes,1.0319,0.0764,-0.4552,0.7742,0.2806,0.1248,2,1,1,1
232,517,երկու,Western_Armenian,NUM,102,yes,0.6497,0.4973,-1.4177,0.7591,0.3107,0.0073,2,1,1,1
233,2569,այցելել,Western_Armenian,VERB,443,yes,-1.3695,-1.0289,-0.6068,0.6792,0.2014,0.1063,3,2,2,2
234,524,մեծ,Western_Armenian,ADJ,36,yes,-1.6381,-0.6107,-0.7697,0.6685,0.2313,0.0864,3,2,2,2
235,2574,արամ,Western_Armenian,PROPN,478,yes,1.0315,0.5817,-0.7322,0.7742,0.3168,0.091,2,1,1,1
236,529,վերջ,Western_Armenian,ADP,158,yes,-1.8709,-1.4936,-0.4082,0.6593,0.1681,0.1306,3,2,2,2
237,531,սկսիլ,Western_Armenian,VERB,37,yes,-9.2995,2.8753,0.4996,0.3652,0.4811,0.2415,5,4,3,2
238,2581,ցեղասպանութիւն,Western_Armenian,NOUN,308,yes,3.6376,2.3328,-1.1255,0.8774,0.4423,0.043,2,1,1,1
239,535,տեսնել,Western_Armenian,VERB,108,yes,-4.9745,-0.3057,-0.2363,0.5364,0.2532,0.1516,3,2,2,2
240,2584,հայաստան,Western_Armenian,PROPN,35,yes,-2.3584,0.1124,-0.8875,0.64,0.2832,0.072,3,2,2,2
241,538,ներս,Western_Armenian,ADP,167,yes,2.0115,0.5306,-0.8488,0.813,0.3131,0.0768,2,1,1,1
242,542,անշուշտ,Western_Armenian,PART,302,yes,1.5701,-1.7752,2.263,0.7955,0.1479,0.4569,2,1,1,1
243,2592,կառոյց,Western_Armenian,NOUN,450,yes,0.0035,-0.0091,-0.7887,0.7335,0.2745,0.0841,3,2,2,2
244,550,օրինակ,Western_Armenian,NOUN,373,yes,2.1645,0.5261,-0.3237,0.8191,0.3128,0.1409,2,1,1,1
245,552,պէտք,Western_Armenian,ADJ,377,yes,-1.3372,-2.8217,0.8946,0.6804,0.0729,0.2897,3,2,2,2
246,2601,պետութիւն,Western_Armenian,NOUN,201,yes,-0.7891,-0.264,-0.8718,0.7021,0.2562,0.074,3,2,2,2
247,2604,յարձակում,Western_Armenian,NOUN,380,yes,1.4364,-0.1575,0.1182,0.7902,0.2638,0.1949,2,1,1,1
248,560,երեւան,Western_Armenian,PROPN,223,yes,1.096,-0.3104,0.1401,0.7768,0.2529,0.1976,2,1,1,1
249,561,լոյս,Western_Armenian,NOUN,221,yes,1.2619,-0.3003,0.4479,0.7833,0.2536,0.2352,2,1,1,1
250,563,վարուժան,Western_Armenian,PROPN,352,yes,1.7266,0.1471,-0.1935,0.8017,0.2856,0.1568,2,1,1,1
251,2613,նշել,Western_Armenian,VERB,328,yes,-0.712,-0.6631,-0.4125,0.7052,0.2276,0.1301,3,2,2,2
252,566,մօտեցում,Western_Armenian,NOUN,397,yes,0.6136,-0.4469,-0.3636,0.7577,0.2431,0.136,2,1,1,1
253,565,որպէսզի,Western_Armenian,SCONJ,301,yes,2.4764,-0.928,1.7645,0.8314,0.2086,0.396,2,1,1,1
254,568,գրիգոր,Western_Armenian,PROPN,265,yes,0.3487,3.9355,1.1179,0.7472,0.5571,0.317,2,1,1,1
255,2619,թուական,Western_Armenian,NOUN,332,yes,1.3765,0.3716,-0.4514,0.7879,0.3017,0.1253,2,1,1,1
256,2623,թուրքիա,Western_Armenian,PROPN,54,yes,-0.8867,-0.0922,-0.9435,0.6983,0.2685,0.0652,3,2,2,2
257,576,ինչպէս,Western_Armenian,SCONJ,384,yes,2.2131,0.2541,-0.08,0.821,0.2933,0.1707,2,1,1,1
258,579,պոլիս|պօլիս,Western_Armenian,PROPN,421,yes,1.6817,-0.3725,0.5615,0.8,0.2484,0.2491,2,1,1,1
259,584,ամբողջը,Western_Armenian,PRON,344,yes,1.317,-0.1578,-0.5699,0.7855,0.2638,0.1108,2,1,1,1
260,586,երկրորդ,Western_Armenian,ADJ,326,yes,2.6735,1.0188,-0.8736,0.8392,0.3481,0.0737,2,1,1,1
261,588,պարտադրել,Western_Armenian,VERB,486,yes,0.3241,-0.92,-0.1296,0.7462,0.2092,0.1646,3,2,2,2
262,598,երեւոյթ,Western_Armenian,NOUN,127,yes,-1.5886,-0.5784,-0.769,0.6705,0.2337,0.0865,3,2,2,2
263,599,առիթ,Western_Armenian,NOUN,160,yes,-1.0124,-0.6094,-0.7767,0.6933,0.2314,0.0856,3,2,2,2
264,2656,յանձնախումբ,Western_Armenian,NOUN,292,yes,1.7593,-0.0868,-0.0135,0.803,0.2689,0.1788,2,1,1,1
265,619,գլուխ,Western_Armenian,NOUN,105,yes,-1.4273,-0.8612,-0.6902,0.6769,0.2134,0.0961,3,2,2,2
266,620,առանց,Western_Armenian,ADP,272,yes,3.3104,-0.6699,3.1031,0.8644,0.2271,0.5596,2,1,1,1
267,630,լեզու,Western_Armenian,NOUN,138,yes,-1.6387,-0.8066,-0.5902,0.6685,0.2173,0.1083,3,2,2,2
268,4726,ժամանակ,Western_Armenian,PROPN,345,yes,3.015,1.2925,-0.2274,0.8527,0.3677,0.1527,2,1,1,1
269,631,պատմութիւն,Western_Armenian,NOUN,92,yes,-3.021,-0.7633,-0.518,0.6138,0.2204,0.1172,3,2,2,2
270,2684,անգարա,Western_Armenian,PROPN,459,yes,3.4601,2.0155,-0.9653,0.8704,0.4195,0.0625,2,1,1,1
271,2687,օրակարգ,Western_Armenian,NOUN,378,yes,-0.3922,-0.8579,0.0806,0.7179,0.2136,0.1903,3,2,2,2
272,643,յաջողութիւն,Western_Armenian,NOUN,374,yes,2.2455,-1.7601,3.2238,0.8223,0.149,0.5743,2,1,1,1
273,654,դպրոց,Western_Armenian,NOUN,133,yes,-0.7401,-0.5723,-0.7061,0.7041,0.2341,0.0942,3,2,2,2
274,655,հայերէն,Western_Armenian,NOUN,295,yes,2.6695,-0.6039,1.8125,0.8391,0.2318,0.4019,2,1,1,1
275,656,մայր,Western_Armenian,NOUN,59,yes,-1.8413,-1.1782,-0.2724,0.6605,0.1907,0.1472,3,2,2,2
276,2711,արժէք,Western_Armenian,NOUN,447,yes,0.8206,-0.364,-0.4065,0.7659,0.249,0.1308,2,1,1,1
277,663,ուսուցիչ,Western_Armenian,NOUN,491,yes,0.3509,-0.8842,0.2221,0.7473,0.2117,0.2076,3,2,2,2
278,2714,տարածք,Western_Armenian,NOUN,372,yes,0.0573,-0.3748,-0.3919,0.7356,0.2482,0.1326,3,2,2,2
279,667,ծանօթ,Western_Armenian,ADJ,488,yes,1.4599,0.023,-0.2685,0.7912,0.2768,0.1477,2,1,1,1
280,671,կին,Western_Armenian,NOUN,281,yes,1.1392,-1.608,1.5667,0.7785,0.1599,0.3718,2,1,1,1
281,674,սիրել,Western_Armenian,VERB,430,yes,-0.3647,-0.8326,-0.3466,0.7189,0.2154,0.1381,3,2,2,2
282,677,տէր,Western_Armenian,NOUN,389,yes,1.8922,-0.0023,0.2084,0.8083,0.2749,0.2059,2,1,1,1
283,681,տարագրութիւն,Western_Armenian,NOUN,278,yes,2.1622,-0.4428,1.5821,0.819,0.2434,0.3737,2,1,1,1
284,684,իսկ,Western_Armenian,ADV,239,yes,-1.1707,-0.5949,-0.7093,0.687,0.2325,0.0938,3,2,2,2
285,2733,հաստատութիւն,Western_Armenian,NOUN,274,yes,0.7034,0.9801,-1.3072,0.7612,0.3453,0.0208,2,1,1,1
286,685,ինչու,Western_Armenian,ADV,417,yes,1.0581,-0.5708,-0.0452,0.7753,0.2342,0.1749,2,1,1,1
287,689,ընտանիք,Western_Armenian,NOUN,466,yes,0.6738,0.2313,-0.7,0.7601,0.2917,0.0949,2,1,1,1
288,2737,սուրբ,Western_Armenian,ADJ,350,yes,4.4783,1.7957,0.8112,0.9107,0.4038,0.2796,2,1,1,1
289,692,բանակ,Western_Armenian,NOUN,357,yes,0.9196,-0.4945,0.2987,0.7698,0.2397,0.2169,2,1,1,1
290,2740,վարժարան,Western_Armenian,NOUN,88,yes,-1.4872,-0.2324,-0.828,0.6745,0.2585,0.0793,3,2,2,2
291,2749,վարչութիւն,Western_Armenian,NOUN,463,yes,2.6357,1.0803,-0.5333,0.8377,0.3525,0.1153,2,1,1,1
292,2756,դիմել,Western_Armenian,VERB,339,yes,-1.8077,-1.7525,0.2166,0.6618,0.1495,0.2069,3,2,2,2
293,712,երեխայ,Western_Armenian,NOUN,353,yes,-0.211,-1.0574,-0.0315,0.725,0.1993,0.1766,3,2,2,2
294,722,սերունդ,Western_Armenian,NOUN,361,yes,0.5225,0.2976,-1.1146,0.7541,0.2964,0.0443,2,1,1,1
295,725,մօտ,Western_Armenian,ADP,323,yes,2.3863,0.3047,0.1652,0.8278,0.2969,0.2006,2,1,1,1
296,728,հայր,Western_Armenian,NOUN,22,yes,-5.0422,-0.539,0.1384,0.5338,0.2365,0.1974,3,2,2,2
297,2777,պատրիարքական,Western_Armenian,ADJ,277,yes,4.7541,3.6456,-0.6471,0.9216,0.5363,0.1014,2,1,1,1
298,732,ճանչնալ,Western_Armenian,VERB,390,yes,0.8892,-1.4332,1.0668,0.7686,0.1724,0.3108,2,1,1,1
299,2785,արարողութիւն,Western_Armenian,NOUN,246,yes,1.4431,0.2574,-0.8145,0.7905,0.2935,0.0809,2,1,1,1
300,739,պատմել,Western_Armenian,VERB,424,yes,-0.6377,-0.8849,-0.7023,0.7081,0.2117,0.0947,3,2,2,2
301,2791,տ.,Western_Armenian,NOUN,93,yes,3.9585,1.3046,1.0031,0.8901,0.3686,0.303,2,1,1,1
302,2792,սահակ,Western_Armenian,PROPN,192,yes,0.9475,1.2831,-0.6301,0.7709,0.367,0.1035,2,1,1,1
303,2793,պատրիարք,Western_Armenian,NOUN,56,yes,-0.7785,0.3993,-1.04,0.7026,0.3037,0.0534,3,2,2,2
304,2801,միութիւն,Western_Armenian,NOUN,359,yes,1.5455,0.5275,-0.6842,0.7946,0.3129,0.0969,2,1,1,1
305,754,քայլ,Western_Armenian,NOUN,163,yes,-1.7298,0.3235,-1.4154,0.6649,0.2983,0.0075,3,2,2,2
306,2802,ատենապետ,Western_Armenian,NOUN,175,yes,1.8663,1.3118,-1.2392,0.8073,0.3691,0.0291,2,1,1,1
307,2812,քհնյ.,Western_Armenian,NOUN,439,yes,6.0096,5.0154,0.4564,0.9713,0.6345,0.2362,1,1,1,1
308,770,ծառայել,Western_Armenian,VERB,427,yes,-0.1523,-1.238,0.1504,0.7273,0.1864,0.1988,3,2,2,2
309,2821,քննարկում,Western_Armenian,NOUN,250,yes,-0.2372,-0.2133,-0.8489,0.724,0.2598,0.0767,3,2,2,2
310,773,ուժ,Western_Armenian,NOUN,193,yes,-0.9422,2.3943,1.373,0.6961,0.4467,0.3482,2,1,1,1
311,775,նոյն,Western_Armenian,DET,230,yes,2.4636,0.7751,-0.5847,0.8309,0.3306,0.109,2,1,1,1
312,2824,հանդիպում,Western_Armenian,NOUN,409,yes,1.2202,0.0332,-1.0203,0.7817,0.2775,0.0558,2,1,1,1
313,2830,2021,Western_Armenian,NUM,132,yes,4.0817,2.2699,0.0942,0.895,0.4378,0.192,2,1,1,1
314,2833,մարմին,Western_Armenian,NOUN,213,yes,0.9657,0.9049,-1.4771,0.7716,0.34,0.0,2,1,1,1
315,2834,մասնակցութիւն,Western_Armenian,NOUN,472,yes,1.7126,0.1118,-0.0728,0.8012,0.2831,0.1716,2,1,1,1
316,790,լաւ,Western_Armenian,ADJ,476,yes,1.1385,-0.7055,0.3635,0.7784,0.2246,0.2249,2,1,1,1
317,792,նոյնիսկ,Western_Armenian,ADV,156,yes,2.6711,-0.0144,0.9916,0.8391,0.2741,0.3016,2,1,1,1
318,796,նստիլ,Western_Armenian,VERB,436,yes,-0.5272,-2.4798,1.3171,0.7125,0.0974,0.3414,3,2,2,2
319,803,որքան,Western_Armenian,ADV,419,yes,2.4023,0.4597,-0.1068,0.8285,0.308,0.1674,2,1,1,1
320,813,մտնել,Western_Armenian,VERB,316,yes,-2.2702,-2.2142,0.4003,0.6435,0.1164,0.2294,3,2,2,2
321,2865,բազմաթիւ,Western_Armenian,ADJ,465,yes,3.1587,1.337,0.1716,0.8584,0.3709,0.2014,2,1,1,1
322,2879,իշխանութիւն,Western_Armenian,NOUN,341,yes,1.4702,0.2406,-0.4395,0.7916,0.2923,0.1268,2,1,1,1
323,831,քանի,Western_Armenian,SCONJ,321,yes,1.7065,0.0088,0.1963,0.8009,0.2757,0.2044,2,1,1,1
324,833,որպէս,Western_Armenian,ADP,173,yes,2.8303,1.2275,-0.9524,0.8454,0.3631,0.0641,2,1,1,1
325,837,անգամ,Western_Armenian,NOUN,98,yes,-1.818,-0.3568,-1.0313,0.6614,0.2495,0.0545,3,2,2,2
326,840,նկատմամբ,Western_Armenian,ADP,253,yes,1.9991,0.9146,-1.1244,0.8125,0.3406,0.0431,2,1,1,1
327,841,ընտրել,Western_Armenian,VERB,237,yes,-1.3793,-1.0315,-0.2974,0.6788,0.2012,0.1441,3,2,2,2
328,842,երկար,Western_Armenian,ADJ,211,yes,0.7339,-0.7403,0.1389,0.7624,0.2221,0.1974,2,1,1,1
329,846,երկիր,Western_Armenian,NOUN,60,yes,-3.7247,-0.1738,-0.5934,0.5859,0.2626,0.108,3,2,2,2
330,850,որոշում,Western_Armenian,NOUN,275,yes,-0.8431,-0.5625,-0.7714,0.7,0.2348,0.0862,3,2,2,2
331,854,ընտրութիւն,Western_Armenian,NOUN,152,yes,-0.6,0.1774,-1.0767,0.7096,0.2878,0.0489,3,2,2,2
332,855,միւս,Western_Armenian,PRON,479,yes,3.8918,1.6491,0.0458,0.8874,0.3933,0.186,2,1,1,1
333,868,որոշել,Western_Armenian,VERB,269,yes,-1.7995,-1.7905,0.0842,0.6621,0.1468,0.1907,3,2,2,2
334,869,քաղաքացի,Western_Armenian,NOUN,379,yes,-0.4171,-0.8942,-0.3638,0.7169,0.211,0.136,3,2,2,2
335,870,բաւել,Western_Armenian,VERB,475,yes,0.0386,-1.9721,1.0866,0.7349,0.1338,0.3132,3,2,2,2
336,872,ծնունդ,Western_Armenian,NOUN,473,yes,1.4636,-0.6798,1.2349,0.7913,0.2264,0.3313,2,1,1,1
337,2922,եդուարդ,Western_Armenian,PROPN,303,yes,2.6694,1.4208,-0.722,0.8391,0.3769,0.0923,2,1,1,1
338,877,նոր,Western_Armenian,ADJ,38,yes,-0.2737,0.0471,-1.1552,0.7225,0.2785,0.0393,3,2,2,2
339,878,ճիշդ,Western_Armenian,ADV,423,yes,3.3079,1.3514,-0.4949,0.8643,0.3719,0.12,2,1,1,1
340,2928,ատրպէյճան,Western_Armenian,PROPN,262,yes,1.6741,-0.5355,1.09,0.7997,0.2367,0.3136,2,1,1,1
341,881,դէպի,Western_Armenian,ADP,87,yes,1.4595,0.1761,-0.5497,0.7912,0.2877,0.1133,2,1,1,1
342,2931,սահման,Western_Armenian,NOUN,194,yes,1.2452,0.2009,-0.6331,0.7827,0.2895,0.1031,2,1,1,1
343,884,ներկայ,Western_Armenian,ADJ,282,yes,0.3833,0.0039,-0.8182,0.7486,0.2754,0.0805,2,1,1,1
344,886,միւս,Western_Armenian,PRON,479,yes,2.6554,0.9546,-0.4059,0.8385,0.3435,0.1309,2,1,1,1
345,2945,նախագահ,Western_Armenian,NOUN,153,yes,2.2003,0.5633,-0.1492,0.8205,0.3155,0.1622,2,1,1,1
346,898,ով,Western_Armenian,PRON,426,yes,0.9091,-2.5578,2.5773,0.7694,0.0918,0.4953,2,1,1,1
347,2946,էրտողան,Western_Armenian,PROPN,406,yes,2.2683,0.7949,-0.485,0.8232,0.3321,0.1212,2,1,1,1
348,900,սակայն,Western_Armenian,PART,294,yes,-0.7795,-1.6597,0.1099,0.7025,0.1562,0.1939,3,2,2,2
349,907,շարք,Western_Armenian,NOUN,299,yes,-0.1924,-0.7725,-0.3181,0.7258,0.2198,0.1416,3,2,2,2
350,909,չորս,Western_Armenian,NUM,487,yes,3.2136,1.359,-0.6504,0.8606,0.3725,0.101,2,1,1,1
351,910,հատոր,Western_Armenian,NOUN,420,yes,0.1907,-0.5119,-0.4313,0.7409,0.2384,0.1278,2,1,1,1
352,912,ձեռք,Western_Armenian,NOUN,168,yes,0.7004,-0.5061,-0.341,0.7611,0.2388,0.1388,2,1,1,1
353,940,նպատակ,Western_Armenian,NOUN,191,yes,-1.3149,-0.7931,-0.5987,0.6813,0.2183,0.1073,3,2,2,2
354,956,իրականութիւն,Western_Armenian,NOUN,467,yes,0.6625,-0.0056,-0.4462,0.7596,0.2747,0.1259,2,1,1,1
355,959,հաւաքական,Western_Armenian,ADJ,235,yes,3.8166,1.7172,-0.3075,0.8845,0.3982,0.1429,2,1,1,1
356,967,թիւ,Western_Armenian,NOUN,415,yes,1.9369,0.3084,-0.1145,0.8101,0.2972,0.1665,2,1,1,1
357,978,յունիս,Western_Armenian,NOUN,474,yes,2.3739,0.5874,0.4444,0.8274,0.3172,0.2348,2,1,1,1
358,981,ազգային,Western_Armenian,ADJ,137,yes,2.7903,0.4676,0.3003,0.8438,0.3086,0.2171,2,1,1,1
359,986,ամիս,Western_Armenian,NOUN,257,yes,1.0293,0.3074,-0.728,0.7741,0.2971,0.0915,2,1,1,1
360,987,ամէնը,Western_Armenian,PRON,258,yes,3.1174,0.486,0.867,0.8568,0.3099,0.2864,2,1,1,1
361,988,կարեւոր,Western_Armenian,ADJ,179,yes,0.3662,-0.2041,-0.4694,0.7479,0.2605,0.1231,3,2,2,2
362,990,վերջին,Western_Armenian,ADJ,121,yes,1.5074,-0.3142,-0.0903,0.7931,0.2526,0.1694,2,1,1,1
363,998,մի,Western_Armenian,DET,206,yes,2.1657,0.0812,0.3362,0.8191,0.2809,0.2215,2,1,1,1
364,3057,առում,Western_Armenian,NOUN,263,yes,0.5303,-0.372,-0.6032,0.7544,0.2485,0.1068,2,1,1,1
365,3067,շեշտել,Western_Armenian,VERB,287,yes,-0.9962,-0.5731,-0.7542,0.6939,0.234,0.0883,3,2,2,2
366,1031,վիճակ,Western_Armenian,NOUN,286,yes,-0.3771,-0.7351,-0.2691,0.7185,0.2224,0.1476,3,2,2,2
367,1034,յուլիս,Western_Armenian,NOUN,109,yes,2.3858,0.7733,0.0169,0.8278,0.3305,0.1825,2,1,1,1
368,1039,պզտիկ,Western_Armenian,ADJ,405,yes,0.9503,-1.0827,0.7061,0.771,0.1975,0.2667,2,1,1,1
369,1042,վերջ,Western_Armenian,ADP,158,yes,1.347,-0.4205,0.183,0.7867,0.245,0.2028,2,1,1,1
370,1047,կատարել,Western_Armenian,VERB,67,yes,-4.2111,-0.1339,-0.7083,0.5667,0.2655,0.0939,3,2,2,2
371,1055,կողմէ,Western_Armenian,ADP,51,yes,0.7168,0.1613,-0.8781,0.7618,0.2867,0.0732,2,1,1,1
372,1073,սիրտ,Western_Armenian,NOUN,432,yes,2.3902,0.1096,0.7242,0.828,0.283,0.2689,2,1,1,1
373,1083,դիմաց,Western_Armenian,ADP,365,yes,2.8569,0.1273,1.1167,0.8465,0.2842,0.3169,2,1,1,1
374,1087,շաբաթ,Western_Armenian,NOUN,236,yes,-0.6898,-0.9858,0.0068,0.7061,0.2045,0.1813,3,2,2,2
375,1093,արդէն,Western_Armenian,ADV,79,yes,-0.6459,-1.048,-0.4147,0.7078,0.2,0.1298,3,2,2,2
376,1110,պահ,Western_Armenian,NOUN,145,yes,-1.2889,-1.3768,-0.0111,0.6824,0.1764,0.1791,3,2,2,2
377,3159,հատ,Western_Armenian,NOUN,477,yes,2.4902,0.1629,0.4203,0.832,0.2868,0.2318,2,1,1,1
378,1113,բաժին,Western_Armenian,NOUN,297,yes,-0.4171,-0.731,-0.8956,0.7169,0.2227,0.071,3,2,2,2
379,1123,թուիլ,Western_Armenian,VERB,461,yes,0.2005,-1.261,0.5501,0.7413,0.1847,0.2477,3,2,2,2
380,1133,կազմել,Western_Armenian,VERB,322,yes,-1.6404,-0.9932,-0.3682,0.6684,0.2039,0.1355,3,2,2,2
381,1148,կայանալ,Western_Armenian,VERB,448,yes,0.7781,-0.1105,-0.5139,0.7642,0.2672,0.1177,2,1,1,1
382,1168,ըստ,Western_Armenian,ADP,199,yes,2.8574,0.5213,-0.1533,0.8465,0.3125,0.1617,2,1,1,1
383,1189,հայկական,Western_Armenian,ADJ,266,yes,3.7372,1.5658,-0.2317,0.8813,0.3873,0.1521,2,1,1,1
384,1206,դուռ,Western_Armenian,NOUN,197,yes,-0.9724,-0.2661,-1.1378,0.6949,0.256,0.0415,3,2,2,2
385,1209,լիբանան,Western_Armenian,PROPN,209,yes,1.2827,0.4542,-0.9119,0.7842,0.3076,0.0691,2,1,1,1
386,3257,պատրիարքարան,Western_Armenian,NOUN,268,yes,0.2702,-0.339,-0.565,0.7441,0.2508,0.1114,3,2,2,2
387,3264,զինուոր,Western_Armenian,NOUN,346,yes,0.8286,-0.2807,-0.4091,0.7662,0.255,0.1305,2,1,1,1
388,1227,միացեալ,Western_Armenian,ADJ,500,yes,5.8692,4.936,0.4046,0.9657,0.6288,0.2299,1,1,1,1
389,1230,հասարակութիւն,Western_Armenian,NOUN,469,yes,0.3393,-0.7549,-0.2886,0.7468,0.221,0.1452,2,1,1,1
390,5342,ճանաչում,Western_Armenian,NOUN,355,yes,1.925,0.3697,-0.2192,0.8096,0.3016,0.1537,2,1,1,1
391,1256,մինչ,Western_Armenian,SCONJ,445,yes,3.0925,-0.6488,2.4026,0.8558,0.2286,0.474,2,1,1,1
392,1279,այլ,Western_Armenian,CCONJ,284,yes,1.8942,-0.2322,-0.0482,0.8084,0.2585,0.1746,2,1,1,1
393,1288,կրթութիւն,Western_Armenian,NOUN,440,yes,3.8393,1.5206,0.1278,0.8854,0.3841,0.1961,2,1,1,1
394,1297,ընթացքին,Western_Armenian,ADP,76,yes,0.8334,0.3539,-1.0881,0.7664,0.3005,0.0475,2,1,1,1
395,1300,կրթական,Western_Armenian,ADJ,107,yes,1.3746,-0.2102,-0.1849,0.7878,0.26,0.1579,2,1,1,1
396,1301,համակարգ,Western_Armenian,NOUN,242,yes,0.3769,0.0893,-0.6468,0.7483,0.2815,0.1014,2,1,1,1
397,5399,ամն,Western_Armenian,PROPN,401,yes,1.3828,-0.0467,-0.0424,0.7881,0.2718,0.1753,2,1,1,1
398,1312,սա,Western_Armenian,PRON,224,yes,1.1362,-2.2453,2.6458,0.7784,0.1142,0.5037,2,1,1,1
399,1319,գտնուիլ,Western_Armenian,VERB,396,yes,-1.418,-0.299,-1.0648,0.6772,0.2537,0.0504,3,2,2,2
400,1330,հասնիլ,Western_Armenian,VERB,52,yes,-6.5232,0.9694,-0.3315,0.4751,0.3446,0.14,5,4,3,2
401,3381,իրադարձութիւն,Western_Armenian,NOUN,431,yes,1.8007,0.1938,-0.2851,0.8047,0.289,0.1456,2,1,1,1
402,1335,աւարտ,Western_Armenian,NOUN,388,yes,1.3652,0.4108,-0.6676,0.7874,0.3045,0.0989,2,1,1,1
403,1350,քաղաքականութիւն,Western_Armenian,NOUN,375,yes,1.4887,0.3411,-0.8131,0.7923,0.2995,0.0811,2,1,1,1
404,1351,առկայ,Western_Armenian,ADJ,458,yes,2.9556,0.3089,0.3889,0.8504,0.2972,0.228,2,1,1,1
405,1352,նիւթական,Western_Armenian,ADJ,410,yes,2.8749,0.3451,0.8145,0.8472,0.2998,0.28,2,1,1,1
406,1362,հետեւանք,Western_Armenian,NOUN,482,yes,1.306,-1.406,1.7603,0.7851,0.1744,0.3955,2,1,1,1
407,1417,ապահովել,Western_Armenian,VERB,449,yes,0.5677,-2.0085,1.4404,0.7559,0.1312,0.3564,2,1,1,1
408,1432,շրջանակ,Western_Armenian,NOUN,312,yes,-0.073,-0.6602,-0.3483,0.7305,0.2278,0.1379,3,2,2,2
409,1462,անդամ,Western_Armenian,NOUN,155,yes,-1.8232,-0.3305,-0.7355,0.6612,0.2514,0.0906,3,2,2,2
410,1464,եւս,Western_Armenian,ADV,131,yes,0.6362,0.0153,-1.1691,0.7586,0.2762,0.0376,2,1,1,1
411,3512,կողք,Western_Armenian,NOUN,433,yes,0.8414,-0.6491,0.5005,0.7667,0.2286,0.2416,2,1,1,1
412,1470,իրաւունք,Western_Armenian,NOUN,325,yes,0.6841,-1.4363,1.1219,0.7605,0.1722,0.3175,2,1,1,1
413,1476,դէպք,Western_Armenian,NOUN,187,yes,-0.561,-0.4156,-1.1994,0.7112,0.2453,0.0339,3,2,2,2
414,1481,տեղի,Western_Armenian,NOUN,129,yes,3.046,0.4791,0.8406,0.854,0.3094,0.2831,2,1,1,1
415,1484,նախաձեռնութիւն,Western_Armenian,NOUN,234,yes,-0.4676,-0.5776,-0.4612,0.7149,0.2337,0.1241,3,2,2,2
416,1485,օգնութիւն,Western_Armenian,NOUN,400,yes,2.3173,0.294,0.1536,0.8251,0.2962,0.1992,2,1,1,1
417,1487,ժողովուրդ,Western_Armenian,NOUN,195,yes,0.0108,-0.3787,-0.6556,0.7338,0.248,0.1004,3,2,2,2
418,1496,կեդրոն,Western_Armenian,NOUN,247,yes,-1.6398,-0.2136,-0.8808,0.6685,0.2598,0.0729,3,2,2,2
419,1504,յայտարարութիւն,Western_Armenian,NOUN,310,yes,0.5843,-0.1239,-0.4819,0.7565,0.2662,0.1216,2,1,1,1
420,1507,շուկայ,Western_Armenian,NOUN,411,yes,1.7368,0.5818,-0.6331,0.8021,0.3168,0.1031,2,1,1,1
421,1516,ժամ,Western_Armenian,NOUN,320,yes,0.6075,-0.052,-0.4582,0.7574,0.2714,0.1245,2,1,1,1
422,1552,մասնակցիլ,Western_Armenian,VERB,279,yes,-0.2115,0.1194,-0.8825,0.725,0.2837,0.0726,3,2,2,2
423,1559,խանութ,Western_Armenian,NOUN,104,yes,-2.8938,-0.1006,-1.12,0.6188,0.2679,0.0436,3,2,2,2
424,1562,ապա,Western_Armenian,ADV,490,yes,4.5453,2.6304,0.1089,0.9133,0.4636,0.1938,2,1,1,1
425,1576,մաս,Western_Armenian,NOUN,456,yes,1.3745,0.3526,-0.7233,0.7878,0.3004,0.0921,2,1,1,1
426,3626,յետոյ,Western_Armenian,ADP,412,yes,2.6401,-0.3142,1.3189,0.8379,0.2526,0.3416,2,1,1,1
427,1581,ներկայութիւն,Western_Armenian,NOUN,484,yes,0.2374,-0.9398,0.1722,0.7428,0.2078,0.2015,3,2,2,2
428,1582,յատկապէս,Western_Armenian,ADV,483,yes,3.4597,1.6927,-0.5442,0.8703,0.3964,0.114,2,1,1,1
429,1583,համայնքային,Western_Armenian,ADJ,149,yes,1.4848,0.6549,-1.1656,0.7922,0.322,0.0381,2,1,1,1
430,1584,օգնել,Western_Armenian,VERB,489,yes,-0.8831,-1.0153,-0.3089,0.6984,0.2024,0.1427,3,2,2,2
431,1595,կողմ,Western_Armenian,NOUN,89,yes,-2.2293,-0.1376,-0.9636,0.6451,0.2652,0.0627,3,2,2,2
432,3692,ամեն.,Western_Armenian,ADJ,202,yes,4.0459,-0.0515,4.2353,0.8935,0.2714,0.6979,2,1,1,1
433,3693,ս.,Western_Armenian,NOUN,232,yes,4.1755,-1.4608,6.7084,0.8987,0.1704,1.0,2,1,1,1
434,3694,մաշալեան,Western_Armenian,PROPN,404,yes,5.27,0.8495,5.8363,0.942,0.336,0.8935,2,1,1,1
435,3696,ընդունել,Western_Armenian,VERB,413,yes,1.2511,0.6495,-1.0717,0.7829,0.3216,0.0495,2,1,1,1
436,1648,ձեռնարկ,Western_Armenian,NOUN,387,yes,0.2497,2.7536,1.1799,0.7433,0.4724,0.3246,2,1,1,1
437,3702,նորին,Western_Armenian,DET,291,yes,6.0188,5.0143,0.4581,0.9716,0.6344,0.2364,1,1,1,1
438,3703,ամենապատուութիւն,Western_Armenian,NOUN,288,yes,0.8198,1.8804,2.3555,0.7658,0.4099,0.4682,2,1,1,1
439,3704,գործունէութիւն,Western_Armenian,NOUN,349,yes,0.5086,0.1474,-0.8816,0.7535,0.2857,0.0728,2,1,1,1
440,1655,երիտասարդ,Western_Armenian,NOUN,271,yes,-0.4165,-0.8139,-0.6037,0.7169,0.2168,0.1067,3,2,2,2
441,3710,ընդունելութիւն,Western_Armenian,NOUN,435,yes,1.4102,-0.0513,-0.4503,0.7892,0.2714,0.1254,2,1,1,1
442,3716,ներքեւ,Western_Armenian,ADP,434,yes,5.9346,4.97,0.4281,0.9683,0.6312,0.2328,1,1,1,1
443,1672,աշխատանքային,Western_Armenian,ADJ,442,yes,3.716,1.9406,-0.5876,0.8805,0.4142,0.1087,2,1,1,1
444,1689,փողոց,Western_Armenian,NOUN,340,yes,0.8417,-0.5987,0.1958,0.7667,0.2322,0.2044,2,1,1,1
445,1694,կանգնիլ,Western_Armenian,VERB,347,yes,1.5052,0.1682,-0.4875,0.793,0.2872,0.1209,2,1,1,1
446,1695,թէ,Western_Armenian,PART,228,yes,1.935,0.5993,-0.462,0.81,0.318,0.124,2,1,1,1
447,3754,մխիթարեան,Western_Armenian,PROPN,226,yes,3.1469,1.1046,0.006,0.858,0.3543,0.1812,2,1,1,1
448,1718,բոլորը,Western_Armenian,PRON,80,yes,-3.1063,-0.8513,-0.6,0.6104,0.2141,0.1072,3,2,2,2
449,3787,գովան,Western_Armenian,PROPN,481,yes,5.0354,3.7928,-0.5487,0.9327,0.5469,0.1134,2,1,1,1
450,1741,առաջնորդ,Western_Armenian,NOUN,208,yes,-0.1833,-0.4597,-0.5262,0.7261,0.2422,0.1162,3,2,2,2
451,1747,ֆրանսա,Western_Armenian,PROPN,217,yes,2.7261,0.6253,0.3399,0.8413,0.3199,0.222,2,1,1,1
452,1755,թեմական,Western_Armenian,ADJ,315,yes,5.7822,4.8947,0.3756,0.9623,0.6258,0.2263,1,1,1,1
453,1756,խորհուրդ,Western_Armenian,NOUN,84,yes,-1.7587,1.6782,1.5152,0.6638,0.3954,0.3656,2,1,1,1
454,1759,ժողով,Western_Armenian,NOUN,293,yes,-0.3433,-0.2635,-0.7816,0.7198,0.2562,0.085,3,2,2,2
455,1775,գոյութիւն,Western_Armenian,NOUN,453,yes,2.7304,1.2301,-0.4316,0.8415,0.3632,0.1277,2,1,1,1
456,1777,գործընթաց,Western_Armenian,NOUN,318,yes,1.0499,0.0586,-0.6693,0.7749,0.2793,0.0987,2,1,1,1
457,1780,հաստատել,Western_Armenian,VERB,451,yes,-0.154,0.1835,-1.1026,0.7273,0.2883,0.0458,3,2,2,2
458,1787,հոգեւորական,Western_Armenian,NOUN,402,yes,1.2831,0.7587,-1.3165,0.7842,0.3295,0.0196,2,1,1,1
459,1790,ներկայացնել,Western_Armenian,VERB,243,yes,-0.9825,-0.8719,-0.3768,0.6945,0.2126,0.1344,3,2,2,2
460,1795,աթոռ,Western_Armenian,NOUN,114,yes,-1.0853,0.2421,-1.2271,0.6904,0.2925,0.0305,3,2,2,2
461,1797,ներկայ,Western_Armenian,ADJ,282,yes,1.4296,-0.0241,-0.1607,0.79,0.2734,0.1608,2,1,1,1
462,1809,առթիւ,Western_Armenian,ADP,363,yes,6.0078,5.0064,0.4531,0.9712,0.6338,0.2358,1,1,1,1
463,1823,ս.,Western_Armenian,NOUN,232,yes,3.5185,1.5727,0.3337,0.8727,0.3878,0.2212,2,1,1,1
464,1825,եկեղեցի,Western_Armenian,NOUN,34,yes,-2.9487,-0.1053,-0.6497,0.6166,0.2676,0.1011,3,2,2,2
465,1837,արք.,Western_Armenian,NOUN,240,yes,4.2092,2.1204,0.6166,0.9,0.427,0.2558,2,1,1,1
466,1840,ծ.,Western_Armenian,ADJ,438,yes,6.735,5.4445,0.7366,1.0,0.6652,0.2704,1,1,1,1
467,1841,վրդ.,Western_Armenian,NOUN,324,yes,4.4461,6.1925,1.8633,0.9094,0.7188,0.4081,2,1,1,1
468,1845,հոգեւոր,Western_Armenian,ADJ,186,yes,3.2406,1.0096,0.1714,0.8617,0.3474,0.2014,2,1,1,1
469,1849,համայնք,Western_Armenian,NOUN,66,yes,-2.8139,-0.1198,-0.9539,0.622,0.2665,0.0639,3,2,2,2
470,1878,պատերազմ,Western_Armenian,NOUN,150,yes,0.3586,0.6231,-1.3658,0.7476,0.3198,0.0136,2,1,1,1
471,1895,զանազան,Western_Armenian,ADJ,358,yes,3.0549,1.0419,-0.4911,0.8543,0.3498,0.1205,2,1,1,1
472,1896,լսել,Western_Armenian,VERB,244,yes,-1.4932,-1.9653,0.5305,0.6743,0.1343,0.2453,3,2,2,2
473,1914,առաքելութիւն,Western_Armenian,NOUN,331,yes,1.0137,-0.187,0.0044,0.7735,0.2617,0.181,2,1,1,1
474,1917,միքքի,Western_Armenian,PROPN,116,yes,-0.8224,-2.5087,1.2988,0.7008,0.0953,0.3391,3,2,2,2
475,1925,ջանալ,Western_Armenian,VERB,422,yes,-0.1459,-1.9047,0.8777,0.7276,0.1386,0.2877,3,2,2,2
476,1932,դուրս,Western_Armenian,ADV,185,yes,1.8324,-1.2432,1.9221,0.8059,0.186,0.4153,2,1,1,1
477,1933,ելլել,Western_Armenian,VERB,146,yes,-4.3642,-1.225,0.5295,0.5606,0.1873,0.2451,3,2,2,2
478,1938,պոռալ,Western_Armenian,VERB,381,yes,0.1589,-2.7645,2.2497,0.7397,0.077,0.4553,3,2,2,2
479,1947,շուն,Western_Armenian,NOUN,144,yes,-1.1369,-1.2437,-0.1365,0.6884,0.186,0.1638,3,2,2,2
480,1949,վազել,Western_Armenian,VERB,305,yes,-0.8551,-2.3419,1.2432,0.6995,0.1073,0.3323,3,2,2,2
481,1953,տղայ,Western_Armenian,NOUN,136,yes,-1.5746,-1.1766,-0.1036,0.671,0.1908,0.1678,3,2,2,2
482,1957,ընկեր,Western_Armenian,NOUN,290,yes,0.8537,-0.0893,-0.52,0.7672,0.2687,0.1169,2,1,1,1
483,4005,երէկ,Western_Armenian,ADV,255,yes,1.8617,-0.4543,0.6801,0.8071,0.2426,0.2635,2,1,1,1
484,1969,կոր,Western_Armenian,AUX,428,yes,2.3498,-3.8393,5.7876,0.8264,0.0,0.8875,2,1,1,1
485,1970,երթալ,Western_Armenian,VERB,123,yes,-4.6739,-1.4281,0.8132,0.5483,0.1728,0.2798,3,2,2,2
486,1975,շարժում,Western_Armenian,NOUN,498,yes,1.9724,0.3951,-0.083,0.8115,0.3034,0.1703,2,1,1,1
487,4029,գնալը,Western_Armenian,PROPN,471,yes,6.0433,5.0264,0.4663,0.9726,0.6353,0.2374,1,1,1,1
488,1985,սենեակ,Western_Armenian,NOUN,335,yes,-0.5556,-1.2767,-0.1696,0.7114,0.1836,0.1597,3,2,2,2
489,1988,խրիսթինա,Western_Armenian,PROPN,65,yes,-1.0752,-0.8292,-0.3766,0.6908,0.2157,0.1344,3,2,2,2
490,1998,վերաբերեալ,Western_Armenian,ADP,382,yes,2.1954,-0.0202,0.2518,0.8203,0.2737,0.2112,2,1,1,1
491,2008,քալել,Western_Armenian,VERB,398,yes,-0.5929,-3.0595,2.2108,0.7099,0.0559,0.4505,3,2,2,2
492,2010,աղջիկ,Western_Armenian,NOUN,371,yes,0.0678,-0.971,-0.2163,0.7361,0.2055,0.154,3,2,2,2
493,2011,հեռանալ,Western_Armenian,VERB,385,yes,-2.1111,-1.2308,-0.1689,0.6498,0.1869,0.1598,3,2,2,2
494,2020,կենալ,Western_Armenian,VERB,215,yes,-2.4751,-1.1349,-0.334,0.6354,0.1938,0.1396,3,2,2,2
495,2023,զգալ,Western_Armenian,VERB,425,yes,-2.4215,-1.6459,0.0104,0.6375,0.1572,0.1817,3,2,2,2
496,2033,ականջ,Western_Armenian,NOUN,496,yes,2.5487,0.8139,-0.337,0.8343,0.3334,0.1393,2,1,1,1
497,4081,թրքահայ,Western_Armenian,ADJ,492,yes,3.7232,1.4007,-0.0978,0.8808,0.3755,0.1685,2,1,1,1
498,2044,դէմք,Western_Armenian,NOUN,429,yes,1.6245,0.4183,-0.6347,0.7977,0.3051,0.1029,2,1,1,1
